{"cameraMode":{"drawMode":0,"name":"Shaded","section":"Shading Mode"},"sceneLighting":true,"audioPlay":false,"sceneViewState":{"showFog":true,"showMaterialUpdate":false,"showSkybox":true,"showFlares":true,"showImageEffects":true,"showParticleSystems":true},"in2DMode":false,"pivot":{"x":0.5765805244445801,"y":-4.005980968475342,"z":-1.533906102180481},"rotation":{"x":-0.2539297342300415,"y":0.7447059154510498,"z":-0.4095609486103058,"w":-0.4617415964603424},"size":5.346220016479492,"orthographic":false}