{"cameraMode":{"drawMode":0,"name":"Shaded","section":"Shading Mode"},"sceneLighting":true,"audioPlay":false,"sceneViewState":{"showFog":true,"showMaterialUpdate":false,"showSkybox":true,"showFlares":true,"showImageEffects":true,"showParticleSystems":true},"in2DMode":false,"pivot":{"x":0.2576277256011963,"y":-3.1407556533813478,"z":-1.0735759735107422},"rotation":{"x":-0.35254859924316409,"y":-0.009563789702951908,"z":0.0035990041214972736,"w":-0.935745894908905},"size":3.3696930408477785,"orthographic":false}